state	party	last_name	first_name	full_name	screen_name	senate_rank	senate_class		state_population	state_population_voters	name	followers_count	friends_count	listed_count	twitter_join_date	twitter_age	favourites_count	statuses_count	profile_background_color	profile_image_url	profile_banner_url	profile_link_color	profile_sidebar_border_color	profile_sidebar_fill_color	profile_text_color
AK	Republican	Murkowski	Lisa	Lisa Murkowski	lisamurkowski	senior	3		712745	527810	Sen. Lisa Murkowski	268485	568	3622	2008-12-11	10	370	8153	3F4C6B	http://pbs.twimg.com/profile_images/1061074014783696897/9-RMJmIo_normal.jpg	https://pbs.twimg.com/profile_banners/18061669/1421099983	2FC2EF	FFFFFF	252429	666666
AK	Republican	Sullivan	Dan	Dan Sullivan	SenDanSullivan	junior	2		712745	527810	Sen. Dan Sullivan	39965	696	1011	2014-11-05	5	214	2714	C0DEED	http://pbs.twimg.com/profile_images/553674509639618560/XOdVwVGN_normal.png		1DA1F2	C0DEED	DDEEF6	333333
AL	Democrat	Jones	Doug	Doug Jones	SenDougJones	junior	2		4734505	3639495	Doug Jones	22834	291	506	2017-12-13	1	223	1018	F5F8FA	http://pbs.twimg.com/profile_images/1020031896741400577/RvxrHrIA_normal.jpg	https://pbs.twimg.com/profile_banners/941080085121175552/1532030094	1DA1F2	C0DEED	DDEEF6	333333
AL	Republican	Shelby	Richard	Richard C. Shelby	SenShelby	senior	3		4734505	3639495	Richard Shelby	84310	506	2176	2009-02-17	10	347	2387	0	http://pbs.twimg.com/profile_images/621070518834212864/ikIQKvUq_normal.jpg	https://pbs.twimg.com/profile_banners/21111098/1436912050	A60000	FFFFFF	FFFFFF	333333
AR	Republican	Boozman	John	John Boozman	JohnBoozman	senior	3		2874015	2175340	Senator John Boozman	87444	796	2451	2007-04-27	12	1790	5605	1A1B1F	http://pbs.twimg.com/profile_images/970776346250104834/i7B-Xp9G_normal.jpg	https://pbs.twimg.com/profile_banners/5558312/1520286185	A60000	181A1E	252429	666666
AR	Republican	Cotton	Tom	Tom Cotton	SenTomCotton	junior	2		2874015	2175340	Tom Cotton	168021	352	2478	2012-11-24	6	0	8752	22330	http://pbs.twimg.com/profile_images/568884049058357248/M-VeVL9u_normal.jpeg	https://pbs.twimg.com/profile_banners/968650362/1366831169	0084B4	FFFFFF	DDEEF6	333333
AZ	Republican	McSally	Martha	Martha McSally	SenMcSallyAZ	junior	3		6192380	4613575	Martha McSally	69695	752	1081	2015-01-06	4	320	3959	0	http://pbs.twimg.com/profile_images/1090315894109204480/DiDFtf5C_normal.jpg	https://pbs.twimg.com/profile_banners/2964949642/1460992343	3B94D9	0	0	0
AZ	Democrat	Sinema	Kyrsten	Kyrsten Sinema	SenatorSinema	senior	1		6192380	4613575	Kyrsten Sinema	102907	736	1551	2013-01-11	6	22	12432	131516	http://pbs.twimg.com/profile_images/1034130772406353921/X0F2Al0E_normal.jpg	https://pbs.twimg.com/profile_banners/1080844782/1450970481	9999	0	EFEFEF	333333
CA	Democrat	Feinstein	Dianne	Dianne Feinstein	SenFeinstein	senior	1		33355855	24582595	Senator Dianne Feinstein	1388094	225	6853	2012-01-27	7	0	9411	C0DEED	http://pbs.twimg.com/profile_images/1138195246616076288/0m4qtUno_normal.png	https://pbs.twimg.com/profile_banners/476256944/1401304971	0084B4	C0DEED	DDEEF6	333333
CA	Democrat	Harris	Kamala	Kamala D. Harris	SenKamalaHarris	junior	3		33355855	24582595	Kamala Harris	963361	670	4870	2016-11-29	2	521	3906	F5F8FA	http://pbs.twimg.com/profile_images/974690906669572098/Y6w06trG_normal.jpg	https://pbs.twimg.com/profile_banners/803694179079458816/1521647792	1DA1F2	C0DEED	DDEEF6	333333
CO	Democrat	Bennet	Michael	Michael F. Bennet	SenatorBennet	senior	3		5041535	3824440	Michael Bennet	296871	366	3011	2010-12-08	8	129	3976	48403A	http://pbs.twimg.com/profile_images/897159863863836676/lopmOrpE_normal.jpg	https://pbs.twimg.com/profile_banners/224285242/1527091402	4D8857	95F0EB	D3E7F2	242324
CO	Republican	Gardner	Cory	Cory Gardner	SenCoryGardner	junior	2		5041535	3824440	Cory Gardner	124056	277	2169	2011-01-07	8	86	4868	C0DEED	http://pbs.twimg.com/profile_images/562347582215573505/4BV0djAm_normal.jpeg	https://pbs.twimg.com/profile_banners/235217558/1456516556	003CB3	C0DEED	DDEEF6	333333
CT	Democrat	Blumenthal	Richard	Richard Blumenthal	SenBlumenthal	senior	3		3333940	2582880	Richard Blumenthal	617687	991	3958	2011-04-06	8	624	12944	F6F0E1	http://pbs.twimg.com/profile_images/870748217440423937/_iFTgKfI_normal.jpg	https://pbs.twimg.com/profile_banners/278124059/1512656613	0956A3	FFFFFF	F2EDDA	111310
CT	Democrat	Murphy	Christopher	Christopher Murphy	SenMurphyOffice	junior	1		3333940	2582880	Sen. Murphy Office	3673	29	171	2014-10-31	5	6	1208	D8CFCA	http://pbs.twimg.com/profile_images/528640956577230848/7MwZKzA8_normal.jpeg	https://pbs.twimg.com/profile_banners/2853793517/1415051074	03AE6C	0	DDEEF6	333333
DE	Democrat	Carper	Thomas	Thomas R. Carper	SenatorCarper	senior	1		890715	689655	Senator Tom Carper	98047	1497	1994	2011-02-09	8	1145	8756	D6DDE1	http://pbs.twimg.com/profile_images/378800000497501114/77d2bd85a246e66e8f77670018fbaaca_normal.jpeg	https://pbs.twimg.com/profile_banners/249787913/1573075354	1E3F66	BAC1C4	E2E8EB	737373
DE	Democrat	Coons	Chris	Christopher A. Coons	ChrisCoons	junior	2		890715	689655	Senator Chris Coons	148981	2497	2706	2008-07-05	11	295	12333	4871B0	http://pbs.twimg.com/profile_images/1010166727529893888/O-lZLomM_normal.jpg	https://pbs.twimg.com/profile_banners/15324851/1566484195	4871B0	A8C7F7	C0DFEC	333333
FL	Republican	Rubio	Marco	Marco Rubio	SenRubioPress	senior	3		18101505	14195890	Senator Rubio Press	108753	558	1583	2010-12-23	8	64	9454	0	http://pbs.twimg.com/profile_images/951541361483894784/ZWLWOoil_normal.jpg	https://pbs.twimg.com/profile_banners/229966028/1486679186	962121	DBDBDB	F5F5F5	777777
FL	Republican	Scott	Rick	Rick Scott	SenRickScott	junior	1		18101505	14195890	Rick Scott	290285	2823	3603	2010-04-10	9	17	15061	C0DEED	http://pbs.twimg.com/profile_images/1082776530235916289/KVIfkvwW_normal.jpg	https://pbs.twimg.com/profile_banners/131546062/1548253495	0084B4	C0DEED	DDEEF6	333333
GA	Republican	Isakson	John	Johnny Isakson	SenatorIsakson	senior	3		9507600	7063805	Johnny Isakson	68672	460	2148	2009-09-29	10	841	6555	C0DEED	http://pbs.twimg.com/profile_images/543499427365650432/JitEqhDZ_normal.jpeg	https://pbs.twimg.com/profile_banners/78403308/1488812068	0084B4	FFFFFF	DDEEF6	333333
GA	Republican	Perdue	David	David Perdue	sendavidperdue	junior	2		9507600	7063805	David Perdue	70806	1011	1399	2014-11-05	5	544	4112	C0DEED	http://pbs.twimg.com/profile_images/1187762668641361921/NXZ7vtXE_normal.jpg	https://pbs.twimg.com/profile_banners/2863210809/1572020733	1DA1F2	C0DEED	DDEEF6	333333
HI	Democrat	Hirono	Mazie	Mazie K. Hirono	maziehirono	junior	1		1303955	1006725	Senator Mazie Hirono	425434	1439	3313	2009-11-24	9	106	5749	B7A7EB	http://pbs.twimg.com/profile_images/1130916929957445632/mkavgyCa_normal.jpg	https://pbs.twimg.com/profile_banners/92186819/1519779404	CC3366	FFFFFF	DDEEF6	333333
HI	Democrat	Schatz	Brian	Brian Schatz	SenBrianSchatz	senior	3		1303955	1006725	Senator Brian Schatz	45439	1385	1114	2013-03-12	6	29	1570	C0DEED	http://pbs.twimg.com/profile_images/849770568677298176/dzXWNsOx_normal.jpg	https://pbs.twimg.com/profile_banners/1262099252/1433862030	106B98	FFFFFF	DDEEF6	333333
IA	Republican	Ernst	Joni	Joni Ernst	SenJoniErnst	junior	2		3012095	2295045	Joni Ernst	70971	146	1322	2014-11-02	5	153	3507	FFFFFF	http://pbs.twimg.com/profile_images/1191837105045098501/bXu9BM8A_normal.jpg	https://pbs.twimg.com/profile_banners/2856787757/1568067950	4A913C	C0DEED	DDEEF6	333333
IA	Republican	Grassley	Charles	Chuck Grassley	ChuckGrassley	senior	3		3012095	2295045	ChuckGrassley	465869	13673	5694	2007-11-26	11	1	8439	9AE4E8	http://pbs.twimg.com/profile_images/921098191507984385/XYteQA6t_normal.jpg		0000FF	87BC44	E0FF92	0
ID	Republican	Crapo	Michael	Mike Crapo	MikeCrapo	senior	3		1574200	1148895	Senator Mike Crapo	100926	745	1791	2012-06-05	7	896	6791	C0DEED	http://pbs.twimg.com/profile_images/2286763334/atyer80hkqhdwmgk73t0_normal.jpeg	https://pbs.twimg.com/profile_banners/600463589/1358530313	0084B4	FFFFFF	DDEEF6	333333
ID	Republican	Risch	James	James E. Risch	SenatorRisch	junior	2		1574200	1148895	Jim Risch	87339	320	1600	2013-01-16	6	253	1783	1717EB	http://pbs.twimg.com/profile_images/3161364149/32f2f83385840438a393070a7e426bde_normal.jpeg	https://pbs.twimg.com/profile_banners/1096059529/1477416030	C71414	FFFFFF	DDEEF6	333333
IL	Democrat	Duckworth	Tammy	Tammy Duckworth	SenDuckworth	junior	3		11928165	9003475	Tammy Duckworth	560432	6874	3302	2013-01-03	6	431	6481	C0DEED	http://pbs.twimg.com/profile_images/1154780940226486273/VkOMx-UV_normal.jpg	https://pbs.twimg.com/profile_banners/1058520120/1571410619	0084B4	FFFFFF	DDEEF6	333333
IL	Democrat	Durbin	Richard	Richard J. Durbin	SenatorDurbin	senior	2		11928165	9003475	Senator Dick Durbin	637188	2408	5013	2011-02-04	8	576	15517	C0DEED	http://pbs.twimg.com/profile_images/871723567456686081/fbJgQgO1_normal.jpg	https://pbs.twimg.com/profile_banners/247334603/1438365026	1DA1F2	C0DEED	DDEEF6	333333
IN	Republican	Braun	Mike	Mike Braun	SenatorBraun	junior	1		6385820	4824555	Senator Mike Braun	9497	112	243	2019-01-03	0	14	701	0	http://pbs.twimg.com/profile_images/1080872040184401924/tXytvVUd_normal.jpg	https://pbs.twimg.com/profile_banners/1080870981877534720/1560287247	1B95E0	0	0	0
IN	Republican	Young	Todd	Todd Young	SenToddYoung	senior	3		6385820	4824555	Senator Todd Young	48930	506	1558	2011-01-04	8	195	5492	00346F	http://pbs.twimg.com/profile_images/839534166727360514/sm9KrCLP_normal.jpg	https://pbs.twimg.com/profile_banners/234128524/1555085359	1D69A7	1D69A7	EAEAEA	333333
KS	Republican	Moran	Jerry	Jerry Moran	JerryMoran	junior	3		2771385	2061775	Senator Jerry Moran	99619	3007	2242	2009-01-05	10	1081	5787	0F3254	http://pbs.twimg.com/profile_images/834123788153397248/8XI1dcQL_normal.jpg	https://pbs.twimg.com/profile_banners/18632666/1509573111	55ACEE	FFFFFF	F2F2F2	545454
KS	Republican	Roberts	Pat	Pat Roberts	SenPatRoberts	senior	2		2771385	2061775	Senator Pat Roberts	75409	915	2039	2009-09-18	10	352	6661	22330	http://pbs.twimg.com/profile_images/981951337536671744/8z6P2Eck_normal.jpg	https://pbs.twimg.com/profile_banners/75364211/1436984767	8D1616	CBCAC0	E7E6DB	333333
KY	Republican	McConnell	Mitch	Mitch McConnell	senatemajldr	senior	2		4314920	3313805	Leader McConnell	1110592	104	4857	2013-03-07	6	94	3809	0066CC	http://pbs.twimg.com/profile_images/732596482336002049/JYMrr9_4_normal.jpg	https://pbs.twimg.com/profile_banners/1249982359/1563547854	AD0000	0	0	0
KY	Republican	Paul	Rand	Rand Paul	RandPaul	junior	3		4314920	3313805	Senator Rand Paul	2573503	492	12908	2010-11-17	9	857	13299	22330	http://pbs.twimg.com/profile_images/681152691461042177/_PrgDgFA_normal.jpg	https://pbs.twimg.com/profile_banners/216881337/1508431224	0084B4	A8C7F7	C0DFEC	333333
LA	Republican	Cassidy	Bill	Bill Cassidy	SenBillCassidy	senior	2		4535710	3432040	U.S. Senator Bill Cassidy, M.D.	13710	1086	340	2018-07-12	1	198	1571	F5F8FA	http://pbs.twimg.com/profile_images/1017836622145040386/DcP_lQSc_normal.jpg	https://pbs.twimg.com/profile_banners/1017500185356853248/1547826031	1DA1F2	C0DEED	DDEEF6	333333
LA	Republican	Kennedy	John	John Kennedy	SenJohnKennedy	junior	3		4535710	3432040	John Kennedy	82937	1335	1091	2017-01-04	2	709	1849	F5F8FA	http://pbs.twimg.com/profile_images/831592195320840192/GXfc24bb_normal.jpg	https://pbs.twimg.com/profile_banners/816683274076614656/1567188858	1DA1F2	C0DEED	DDEEF6	333333
MA	Democrat	Markey	Edward	Edward J. Markey	SenMarkey	junior	2		6234915	4887325	Ed Markey	164844	1374	3359	2009-02-20	10	352	14859	FFFFFF	http://pbs.twimg.com/profile_images/1181319893162967040/ZpAIvuyu_normal.jpg	https://pbs.twimg.com/profile_banners/21406834/1549578517	62232	F55600	B8FDB5	333333
MA	Democrat	Warren	Elizabeth	Elizabeth Warren	SenWarren	senior	1		6234915	4887325	Elizabeth Warren	5488909	493	17188	2012-11-25	6	11	4816	C0DEED	http://pbs.twimg.com/profile_images/722044174799777792/bXaodRhx_normal.jpg	https://pbs.twimg.com/profile_banners/970207298/1565529691	1DA1F2	C0DEED	DDEEF6	333333
MD	Democrat	Cardin	Benjamin	Benjamin L. Cardin	SenatorCardin	senior	1		5517145	4212265	Senator Ben Cardin	247512	2847	3124	2010-01-27	9	2033	10806	131516	http://pbs.twimg.com/profile_images/1138098556747866113/mfGRdxbk_normal.jpg	https://pbs.twimg.com/profile_banners/109071031/1559931855	3B94D9	FFFFFF	EFEFEF	333333
MD	Democrat	Van Hollen	Chris	Chris Van Hollen	ChrisVanHollen	junior	3		5517145	4212265	Chris Van Hollen	166145	631	2408	2008-12-15	10	600	4867	C0DEED	http://pbs.twimg.com/profile_images/943708990449618944/0XSZE4Et_normal.jpg	https://pbs.twimg.com/profile_banners/18137749/1520622201	1DA1F2	C0DEED	DDEEF6	333333
ME	Republican	Collins	Susan	Susan M. Collins	SenatorCollins	senior	2		1308385	1051870	Sen. Susan Collins	513913	971	4439	2009-01-29	10	74	3235	FFFFFF	http://pbs.twimg.com/profile_images/588697537013383168/Kf_x_1u1_normal.jpg	https://pbs.twimg.com/profile_banners/19726613/1526569711	516C87	FFFFFF	C7D9ED	192F45
ME	Independent	King	Angus	Angus S. King, Jr.	SenAngusKing	junior	1		1308385	1051870	Senator Angus King	212244	551	2068	2013-01-07	6	146	4374	045C0E	http://pbs.twimg.com/profile_images/378800000406004520/c5e846a94969202654cf1ac5fafc3659_normal.jpeg	https://pbs.twimg.com/profile_banners/1068481578/1489679522	0084B4	0	DDEEF6	333333
MI	Democrat	Peters	Gary	Gary C. Peters	SenGaryPeters	junior	2		9601980	7408630	Senator Gary Peters	112873	1215	1668	2011-01-10	8	271	6324	EBEDF5	http://pbs.twimg.com/profile_images/921025087251386369/11o7UGiT_normal.jpg	https://pbs.twimg.com/profile_banners/236511574/1565323407	00638A	3E80B3	65ABE0	0
MI	Democrat	Stabenow	Debbie	Debbie Stabenow	SenStabenow	senior	1		9601980	7408630	Sen. Debbie Stabenow	109574	2286	2320	2009-09-22	10	112	4593	C0DEED	http://pbs.twimg.com/profile_images/1141009382374854656/klk7j3OL_normal.jpg	https://pbs.twimg.com/profile_banners/76456274/1464728308	0084B4	C0DEED	DDEEF6	333333
MN	Democrat	Klobuchar	Amy	Amy Klobuchar	SenAmyKlobuchar	senior	1		5234815	3980465	Senator Amy Klobuchar	34337	5264	815	2009-02-26	10	29	568	C0DEED	http://pbs.twimg.com/profile_images/1101241156250320901/OtZoBAiQ_normal.png	https://pbs.twimg.com/profile_banners/22044727/1554302805	1DA1F2	C0DEED	DDEEF6	333333
MN	Democrat	Smith	Tina	Tina Smith	SenTinaSmith	junior	2		5234815	3980465	Senator Tina Smith	43270	1813	752	2017-12-13	1	515	2812	0	http://pbs.twimg.com/profile_images/1143580715700953088/l50Ay7X4_normal.png		4653A2	0	0	0
MO	Republican	Blunt	Roy	Roy Blunt	RoyBlunt	senior	3		5930025	4547880	Senator Roy Blunt	110373	6948	3539	2009-02-19	10	136	12175	C0DEED	http://pbs.twimg.com/profile_images/535810548802125824/X0pxn3zA_normal.jpeg	https://pbs.twimg.com/profile_banners/21269970/1407953971	0084B4	C0DEED	DDEEF6	333333
MO	Republican	Hawley	Joshua	Hawley	SenHawleyPress	junior	1		5930025	4547880	Senator Hawley Press Office	9454	762	172	2019-01-03	0	368	886	F5F8FA	http://pbs.twimg.com/profile_images/1080961109262094336/4fewBIAi_normal.jpg	https://pbs.twimg.com/profile_banners/1080960924687704064/1565014200	1DA1F2	C0DEED	DDEEF6	333333
MS	Republican	Hyde-Smith	Cindy	Cindy Hyde-Smith	SenHydeSmith	junior	2		2946760	2217770	U.S. Senator Cindy Hyde-Smith	8723	593	401	2018-04-09	1	1140	983	F5F8FA	http://pbs.twimg.com/profile_images/991802081119006721/hZJj2JSr_normal.jpg	https://pbs.twimg.com/profile_banners/983348251972816896/1548194897	1DA1F2	C0DEED	DDEEF6	333333
MS	Republican	Wicker	Roger	Roger F. Wicker	SenatorWicker	senior	1		2946760	2217770	Senator Roger Wicker	87425	371	1928	2011-03-11	8	1357	5548	0	http://pbs.twimg.com/profile_images/1053286698438803456/c5VspcNT_normal.jpg	https://pbs.twimg.com/profile_banners/264219447/1402419137	0	FFFFFF	0	0
MT	Republican	Daines	Steve	Steve Daines	SteveDaines	junior	2		1013805	789500	Steve Daines	53313	653	1478	2007-12-30	11	2665	6102	88D0F7	http://pbs.twimg.com/profile_images/922463090935058432/XTchDLbm_normal.jpg	https://pbs.twimg.com/profile_banners/11651202/1495145842	0B60BA	FFFFFF	DDEEF6	333333
MT	Democrat	Tester	Jon	Jon Tester	SenatorTester	senior	1		1013805	789500	Senator Jon Tester	96044	1001	1408	2012-03-05	7	301	4821	0C0203	http://pbs.twimg.com/profile_images/1143232631942844421/5GFPbh6d_normal.png	https://pbs.twimg.com/profile_banners/515822213/1490051228	FA610F	D6BCAB	BE9658	544D3D
NC	Republican	Burr	Richard	Richard Burr	SenatorBurr	senior	3		9445115	7203795	Richard Burr	163539	899	3541	2009-02-18	10	50	3871	C0DEED	http://pbs.twimg.com/profile_images/588079658819653632/wwdO4Eqv_normal.jpg	https://pbs.twimg.com/profile_banners/21157904/1521749782	0084B4	FFFFFF	DDEEF6	333333
NC	Republican	Tillis	Thom	Thom Tillis	SenThomTillis	junior	2		9445115	7203795	Senator Thom Tillis	90433	4631	1736	2015-01-06	4	1452	4607	0	http://pbs.twimg.com/profile_images/1113102311566594048/TE6vxjHC_normal.png	https://pbs.twimg.com/profile_banners/2964174789/1571425026	89C9FA	0	0	0
ND	Republican	Cramer	Kevin	Kevin Cramer	SenKevinCramer	junior	1		721470	555690	Sen. Kevin Cramer	21534	496	856	2012-12-30	6	132	4255	C0DEED	http://pbs.twimg.com/profile_images/1090267977675460610/nQWIQ0ot_normal.jpg	https://pbs.twimg.com/profile_banners/1048784496/1546464991	0084B4	FFFFFF	DDEEF6	333333
ND	Republican	Hoeven	John	John Hoeven	SenJohnHoeven	senior	3		721470	555690	Senator John Hoeven	96024	706	1636	2011-09-30	8	699	3655	9E976D	http://pbs.twimg.com/profile_images/1171093029287014400/8NY2GOYy_normal.jpg	https://pbs.twimg.com/profile_banners/382791093/1553287177	A1392B	FFFFFF	DDEEF6	333333
NE	Republican	Fischer	Deb	Deb Fischer	SenatorFischer	senior	1		1799310	1341015	Senator Deb Fischer	84692	206	1751	2013-01-08	6	80	5914	B4C9FA	http://pbs.twimg.com/profile_images/816319022182649860/pev9bNlJ_normal.jpg	https://pbs.twimg.com/profile_banners/1071402577/1467819561	E81C4F	FFFFFF	EFEFEF	333333
NE	Republican	Sasse	Benjamin	Ben Sasse	SenSasse	junior	2		1799310	1341015	Senator Ben Sasse	146234	1	1871	2015-01-05	4	1	908	C0DEED	http://pbs.twimg.com/profile_images/1009479405968621570/-ms4YWy0_normal.jpg	https://pbs.twimg.com/profile_banners/2962923040/1445881489	1DA1F2	C0DEED	DDEEF6	333333
NH	Democrat	Hassan	Margaret	Margaret Wood Hassan	SenatorHassan	junior	3		1291410	1027630	Sen. Maggie Hassan	144385	530	1432	2012-11-13	7	175	7829	C0DEED	http://pbs.twimg.com/profile_images/816304745799356416/m1OJdlNI_normal.jpg	https://pbs.twimg.com/profile_banners/946549322/1483457252	1DA1F2	C0DEED	DDEEF6	333333
NH	Democrat	Shaheen	Jeanne	Jeanne Shaheen	SenatorShaheen	senior	2		1291410	1027630	Sen. Jeanne Shaheen	108669	2907	2351	2010-01-28	9	407	8568	B2DFDA	http://pbs.twimg.com/profile_images/994599196652199936/zKIvaqMU_normal.jpg	https://pbs.twimg.com/profile_banners/109287731/1573077275	93A644	EEEEEE	FFFFFF	333333
NJ	Democrat	Booker	Cory	Cory A. Booker	SenBooker	junior	2		8019215	6087275	Sen. Cory Booker	142829	5890	1927	2013-10-31	6	1350	5316	C0DEED	http://pbs.twimg.com/profile_images/827586956376829952/F-rxck4H_normal.jpg	https://pbs.twimg.com/profile_banners/2167097881/1516035218	1DA1F2	C0DEED	DDEEF6	333333
NJ	Democrat	Men'endez	Robert	Robert Menendez	SenatorMenendez	senior	1		8019215	6087275	Senator Bob Menendez	170550	997	3857	2009-01-06	10	2263	11483	273447	http://pbs.twimg.com/profile_images/1138088998419800064/bGqy6DbH_normal.png	https://pbs.twimg.com/profile_banners/18695134/1545829307	3283D1	C6E2EE	DAECF4	663B12
NM	Democrat	Heinrich	Martin	Martin Heinrich	MartinHeinrich	junior	1		1954250	1464240	Martin Heinrich	191711	575	1960	2013-01-17	6	687	7796	C0DEED	http://pbs.twimg.com/profile_images/1091387172282867718/pNhlcC9I_normal.jpg	https://pbs.twimg.com/profile_banners/1099199839/1572358228	0084B4	FFFFFF	DDEEF6	333333
NM	Democrat	Udall	Tom	Tom Udall	SenatorTomUdall	senior	2		1954250	1464240	Tom Udall	172155	343	2398	2009-07-28	10	37	6805	FFFFFF	http://pbs.twimg.com/profile_images/847475846944182272/HKMEaecM_normal.jpg	https://pbs.twimg.com/profile_banners/60828944/1447107599	FF4E3E	FFFFFF	BDDEDE	0
NV	Democrat	Cortez Masto	Catherine	Catherine Cortez Masto	SenCortezMasto	senior	3		2547140	1902285	Senator Cortez Masto	39566	841	924	2016-12-20	2	1379	6024	F5F8FA	http://pbs.twimg.com/profile_images/1068180241258995712/DFf2se46_normal.jpg	https://pbs.twimg.com/profile_banners/811313565760163844/1543508943	1DA1F2	C0DEED	DDEEF6	333333
NV	Democrat	Rosen	Jacky	Jacky Rosen	SenJackyRosen	junior	1		2547140	1902285	Senator Jacky Rosen	22880	268	578	2017-01-09	2	165	4716	F5F8FA	http://pbs.twimg.com/profile_images/1085182795142574080/E0sTwPIJ_normal.jpg	https://pbs.twimg.com/profile_banners/818554054309715969/1546525180	1DA1F2	C0DEED	DDEEF6	333333
NY	Democrat	Gillibrand	Kirsten	Kirsten E. Gillibrand	gillibrandny	junior	1		17677055	13605860	Sen. Kirsten Gillibrand	11169	225	491	2017-08-22	2	137	633	F5F8FA	http://pbs.twimg.com/profile_images/1122951029606297602/LjBFG3YX_normal.jpg	https://pbs.twimg.com/profile_banners/899978622416695297/1565303530	1DA1F2	C0DEED	DDEEF6	333333
NY	Democrat	Schumer	Charles	Charles E. Schumer	SenSchumer	senior	3		17677055	13605860	Chuck Schumer	1962487	25504	10556	2008-11-19	11	215	16107	43090B	http://pbs.twimg.com/profile_images/978655909198036993/Gpnx2Os2_normal.jpg	https://pbs.twimg.com/profile_banners/17494010/1522865010	FF6005	FFFFFF	E7E9EF	333333
OH	Democrat	Brown	Sherrod	Sherrod Brown	SenSherrodBrown	senior	1		11348025	8734130	Sherrod Brown	383310	221	4332	2009-06-01	10	75	6505	F1F2EA	http://pbs.twimg.com/profile_images/523158370333638657/cLmYIfYa_normal.jpeg	https://pbs.twimg.com/profile_banners/43910797/1397501269	1E4CA1	598541	EBEAD9	663B12
OH	Republican	Portman	Robert	Rob Portman	senrobportman	junior	3		11348025	8734130	Rob Portman	141618	4991	3148	2009-01-12	10	415	16692	0074DB	http://pbs.twimg.com/profile_images/1037435418743107590/9hbhXXal_normal.jpg	https://pbs.twimg.com/profile_banners/18915145/1452004224	106CB7	26C905	FFFFFF	0
OK	Republican	Inhofe	James	James M. Inhofe	JimInhofe	senior	2		3725970	2787655	Jim Inhofe	55104	349	2209	2007-07-05	12	93	2313	C0DEED	http://pbs.twimg.com/profile_images/847193851496411136/d1spdzhn_normal.jpg	https://pbs.twimg.com/profile_banners/7270292/1418070273	0084B4	C0DEED	DDEEF6	333333
OK	Republican	Lankford	James	James Lankford	SenatorLankford	junior	3		3725970	2787655	Sen. James Lankford	78707	491	1880	2010-12-12	8	542	6683	22330	http://pbs.twimg.com/profile_images/1095760398282838017/a_8BwNFx_normal.png	https://pbs.twimg.com/profile_banners/225921757/1570571321	0084B4	FFFFFF	C0DFEC	333333
OR	Democrat	Merkley	Jeff	Jeff Merkley	SenJeffMerkley	junior	2		3753590	2911335	Senator Jeff Merkley	453645	910	4675	2009-04-06	10	692	10440	457292	http://pbs.twimg.com/profile_images/873324219630854144/-7ZzOONo_normal.jpg	https://pbs.twimg.com/profile_banners/29201047/1473699074	93A427	FFFFFF	D9E8F2	333333
OR	Democrat	Wyden	Ron	Ron Wyden	RonWyden	senior	3		3753590	2911335	Ron Wyden	465563	479	4143	2011-02-10	8	66	9047	FFFFFF	http://pbs.twimg.com/profile_images/847448688448294912/zobeO8dK_normal.jpg	https://pbs.twimg.com/profile_banners/250188760/1398198071	1784B6	C0DEED	DDEEF6	333333
PA	Democrat	Casey	Robert	Robert P. Casey, Jr.	SenBobCasey	senior	1		12390675	9725845	Senator Bob Casey	411404	637	3112	2010-07-27	9	638	9628	162F53	http://pbs.twimg.com/profile_images/748886037649297408/B4cLMsR__normal.jpg		2F6291	FFFFFF	EEEEEE	333333
PA	Republican	Toomey	Patrick	Patrick J. Toomey	SenToomey	junior	3		12390675	9725845	Senator Pat Toomey	132259	1041	2801	2010-11-29	8	238	4884	FFFFFF	http://pbs.twimg.com/profile_images/574930402214727683/gDu5VqMP_normal.jpeg	https://pbs.twimg.com/profile_banners/221162525/1434047453	DD2E44	FFFFFF	999999	333333
RI	Democrat	Reed	John	Jack Reed	SenJackReed	senior	2		986560	780250	Senator Jack Reed	95349	36	1840	2012-02-08	7	159	6041	C0DEED	http://pbs.twimg.com/profile_images/611042380846907393/L-JV9zuJ_normal.jpg	https://pbs.twimg.com/profile_banners/486694111/1431108911	42398A	FFFFFF	DDEEF6	333333
RI	Democrat	Whitehouse	Sheldon	Sheldon Whitehouse	SenWhitehouse	junior	1		986560	780250	Sheldon Whitehouse	344847	1857	3481	2011-01-25	8	505	13072	7B91AA	http://pbs.twimg.com/profile_images/1136336143358734336/Iu2Kvnww_normal.png	https://pbs.twimg.com/profile_banners/242555999/1552737288	0084B4	C0DEED	DDEEF6	333333
SC	Republican	Graham	Lindsey	Lindsey Graham	LindseyGrahamSC	senior	2		4694715	3620830	Lindsey Graham	1230782	2160	6001	2011-12-09	7	69	10323	033C82	http://pbs.twimg.com/profile_images/1045473448783466496/XnZoIj-Q_normal.jpg	https://pbs.twimg.com/profile_banners/432895323/1560907973	20285C	FFFFFF	EBEBEB	333333
SC	Republican	Scott	Tim	Tim Scott	SenatorTimScott	junior	3		4694715	3620830	Tim Scott	381352	3874	3697	2010-11-19	9	1800	8171	E0DBC8	http://pbs.twimg.com/profile_images/1096516272517496832/AkG_QkNf_normal.png	https://pbs.twimg.com/profile_banners/217543151/1567348104	606060	0	EBE9DC	333333
SD	Republican	Rounds	Mike	Mike Rounds	SenatorRounds	junior	2		833720	627070	Senator Mike Rounds	22153	567	981	2015-01-01	4	245	3431	0	http://pbs.twimg.com/profile_images/555794520311205888/sdPOdu4L_normal.jpeg	https://pbs.twimg.com/profile_banners/2955485182/1426022654	DD2E44	0	0	0
SD	Republican	Thune	John	John Thune	SenJohnThune	senior	3		833720	627070	Senator John Thune	95868	326	2348	2011-05-10	8	65	5675	F8F4E4	http://pbs.twimg.com/profile_images/1110550047966543873/ppEe8HG0_normal.png	https://pbs.twimg.com/profile_banners/296361085/1452790054	264B59	990000	333333	808080
TN	Republican	Alexander	Lamar	Lamar Alexander	SenAlexander	senior	2		6349395	4876610	Sen. Lamar Alexander	110001	485	2653	2009-09-23	10	427	7261	C0DEED	http://pbs.twimg.com/profile_images/824390599361044480/nZa0YXpu_normal.jpg	https://pbs.twimg.com/profile_banners/76649729/1554752469	0084B4	FFFFFF	DDEEF6	333333
TN	Republican	Blackburn	Marsha	Marsha Blackburn	MarshaBlackburn	junior	1		6349395	4876610	Sen. Marsha Blackburn	101875	2746	1982	2011-04-06	8	663	7101	C0DEED	http://pbs.twimg.com/profile_images/1082735690213924864/VRFUWsuH_normal.jpg	https://pbs.twimg.com/profile_banners/278145569/1549925243	EF4244	FFFFFF	DDEEF6	333333
TX	Republican	Cornyn	John	John Cornyn	JohnCornyn	senior	2		24051900	17177630	Senator John Cornyn	239644	11758	5527	2008-02-07	11	66	33415	71829E	http://pbs.twimg.com/profile_images/1172850876060459010/xpsKbIGr_normal.jpg	https://pbs.twimg.com/profile_banners/13218102/1568322648	0000FF	002D62	FFFFFF	002D62
TX	Republican	Cruz	Ted	Ted Cruz	SenTedCruz	junior	1		24051900	17177630	Senator Ted Cruz	1336639	6917	8600	2013-01-09	6	427	11627	131516	http://pbs.twimg.com/profile_images/1100507943458484236/KICyvXVn_normal.jpg	https://pbs.twimg.com/profile_banners/1074480192/1515618797	9999	EEEEEE	EFEFEF	333333
UT	Republican	Lee	Mike	Mike Lee	SenMikeLee	senior	3		2794015	1903500	Mike Lee	522309	2314	4762	2009-11-09	10	85	5016	F1F0EC	http://pbs.twimg.com/profile_images/1006896016849858560/P3nNjlIe_normal.jpg	https://pbs.twimg.com/profile_banners/88784440/1529360932	0084B4	C0DEED	DDEEF6	333333
UT	Republican	Romney	Mitt	Romney	SenatorRomney	junior	1		2794015	1903500	Senator Mitt Romney	51291	114	538	2018-12-28	0	67	479	0	http://pbs.twimg.com/profile_images/1087166952009805824/5R_xZExa_normal.jpg	https://pbs.twimg.com/profile_banners/1078693601356509184/1570560618	0C3C59	0	0	0
VA	Democrat	Kaine	Timothy	Tim Kaine	timkaine	junior	1		7816285	5998900	Tim Kaine	987879	773	6269	2010-07-30	9	856	10146	CFCFCF	http://pbs.twimg.com/profile_images/922472118377476096/XqCk_uDv_normal.jpg	https://pbs.twimg.com/profile_banners/172858784/1495807361	AB0A0F	191561	FFFFFF	333333
VA	Democrat	Warner	Mark	Mark R. Warner	MarkWarner	senior	2		7816285	5998900	Mark Warner	458962	24561	4947	2007-07-12	12	1928	9408	FFFFFF	http://pbs.twimg.com/profile_images/944243549922582528/DyFwGriJ_normal.jpg	https://pbs.twimg.com/profile_banners/7429102/1473719645	28486F	28486F	D9D9D9	0
VT	Democrat	Leahy	Patrick	Patrick J. Leahy	SenatorLeahy	senior	3		613910	493535	Sen. Patrick Leahy	198283	2641	3098	2011-01-25	8	121	15893	4D7830	http://pbs.twimg.com/profile_images/921434597900128256/rcREOAwv_normal.jpg	https://pbs.twimg.com/profile_banners/242836537/1358287469	9E410B	9E410B	F7F8E9	333333
VT	Independent	Sanders	Bernard	Bernard Sanders	SenSanders	junior	1		613910	493535	Bernie Sanders	8793048	2290	27295	2009-04-07	10	259	20791	0	http://pbs.twimg.com/profile_images/794619281271033856/Fs0QQaH7_normal.jpg	https://pbs.twimg.com/profile_banners/29442313/1430854323	03102D	FFFFFF	D6CCB6	304562
WA	Democrat	Cantwell	Maria	Maria Cantwell	SenatorCantwell	junior	1		6564110	5008035	Sen. Maria Cantwell	231992	2241	2506	2010-02-25	9	931	8604	B8B6B6	http://pbs.twimg.com/profile_images/1112707249032626176/j7drmGgX_normal.png	https://pbs.twimg.com/profile_banners/117501995/1525958289	4A913C	25377E	FFFFFF	25378F
WA	Democrat	Murray	Patty	Patty Murray	PattyMurray	senior	3		6564110	5008035	Senator Patty Murray	428036	2172	3739	2011-05-04	8	255	17275	D7E0E0	http://pbs.twimg.com/profile_images/1022425619597062144/WYF3RM9v_normal.jpg	https://pbs.twimg.com/profile_banners/293131808/1498749086	1.63E+71	18044F	C0CCC6	220252
WI	Democrat	Baldwin	Tammy	Tammy Baldwin	SenatorBaldwin	junior	1		5599335	4313300	Sen. Tammy Baldwin	114466	2658	2373	2013-01-09	6	488	13765	22330	http://pbs.twimg.com/profile_images/888484691120148481/IQiOuvpT_normal.jpg	https://pbs.twimg.com/profile_banners/1074518754/1524675375	0084B4	A8C7F7	C0DFEC	333333
WI	Republican	Johnson	Ron	Ron Johnson	SenRonJohnson	senior	3		5599335	4313300	Senator Ron Johnson	116927	688	2714	2011-01-04	8	481	5272	C6E3FF	http://pbs.twimg.com/profile_images/1213023547/Twitter_2_normal.jpg	https://pbs.twimg.com/profile_banners/233737858/1391454550	0084B4	FFFFFF	DDEEF6	333333
WV	Republican	Capito	Shelley	Shelley Moore Capito	SenCapito	junior	2		1831855	1453210	Shelley Moore Capito	73748	1008	1686	2010-09-22	9	457	8536	C0DEED	http://pbs.twimg.com/profile_images/570247761044312064/gBmXhrin_normal.jpeg	https://pbs.twimg.com/profile_banners/193794406/1561668249	0084B4	C0DEED	DDEEF6	333333
WV	Democrat	Manchin	Joe	Joe Manchin, III	Sen_JoeManchin	senior	1		1831855	1453210	Senator Joe Manchin	183932	745	2551	2011-01-05	8	203	6589	EDEDED	http://pbs.twimg.com/profile_images/907719517266219008/am4POdPf_normal.jpg	https://pbs.twimg.com/profile_banners/234374703/1428611282	006BB3	D1D1D1	FFFFFF	333333
WY	Republican	Barrasso	John	John Barrasso	SenJohnBarrasso	junior	1		570345	432375	Sen. John Barrasso	121700	519	2282	2010-10-13	9	22	4455	C0DEED	http://pbs.twimg.com/profile_images/1143907394/twitter_profile_pic_normal.JPG		0084B4	C0DEED	DDEEF6	333333
WY	Republican	Enzi	Michael	Michael B. Enzi	SenatorEnzi	senior	2		570345	432375	Mike Enzi	95303	603	1685	2011-05-02	8	8	4495	22330	http://pbs.twimg.com/profile_images/1046850787127824384/wEyIA6C5_normal.jpg	https://pbs.twimg.com/profile_banners/291756142/1399045146	0084B4	FFFFFF	DDEEF6	333333